name,price,description,category,tags
Exhibidor Arco Du,7500,"Exhibidor mostrador. Ideal para feriantes y comercios.<br>Totalmente encastrable sin uso de pegamentos.<br>Diseñado para ser liviano y portatil.<br>Realizado en MDF de 3 mm de espesor.",exhibidores,exhibidor exhibidores exibidor exibidores mostrador mostradores madera mdf fibrofacil arco 2 dos estantes estante estanteria curva curvado
Exhibidor Arco Tri,9000,"Exhibidor mostrador. Ideal para feriantes y comercios.<br>Totalmente encastrable sin uso de pegamentos.<br>Diseñado para ser liviano y portatil.<br>Realizado en MDF de 3 mm de espesor.",exhibidores,exhibidor exhibidores exibidor exibidores mostrador mostradores madera mdf fibrofacil arco 3 tres estantes estante estanteria curva curvado
Exhibidor Arco Tri Large,9500,"Exhibidor mostrador. Ideal para feriantes y comercios.<br>Totalmente encastrable sin uso de pegamentos.<br>Diseñado para ser liviano y portatil.<br>Realizado en MDF de 3 mm de espesor.",exhibidores,exhibidor exhibidores exibidor exibidores mostrador mostradores madera mdf fibrofacil estantes estante estanteria curva curvado large arco 3 tres
Exhibidor de Acrílicos,9000,"Exhibidor mostrador. Ideal para feriantes y comercios.<br>Totalmente encastrable sin uso de pegamentos.<br>Diseñado para ser liviano y portatil.<br>Realizado en MDF de 3 mm de espesor.",exhibidores,exhibidor exhibidores exibidor exibidores mostrador mostradores madera mdf fibrofacil pintura pinturas acrilico acrilicos pomo pomos
Exhibidor Grada Du,4000,"Exhibidor mostrador. Ideal para feriantes y comercios.<br>Totalmente encastrable sin uso de pegamentos.<br>Diseñado para ser liviano y portatil.<br>Realizado en MDF de 3 mm de espesor.",exhibidores,exhibidor exhibidores exibidor exibidores mostrador mostradores madera mdf fibrofacil estantes estante estanteria grada escalera gradas escaleras peldaño peldaños escalon escalones dos 2
Exhibidor Grada Tri,9000,"Exhibidor mostrador. Ideal para feriantes y comercios.<br>Totalmente encastrable sin uso de pegamentos.<br>Diseñado para ser liviano y portatil.<br>Realizado en MDF de 3 mm de espesor.",exhibidores,exhibidor exhibidores exibidor exibidores mostrador mostradores madera mdf fibrofacil estantes estante estanteria grada escalera gradas escaleras peldaño peldaños escalon escalones tres 3
Exhibidor Grilla Quad,15000,"Exhibidor mostrador. Ideal para feriantes y comercios.<br>Totalmente encastrable sin uso de pegamentos.<br>Diseñado para ser liviano y portatil.<br>Realizado en MDF de 3 mm de espesor.",exhibidores,exhibidor exhibidores exibidor exibidores mostrador mostradores madera mdf fibrofacil estantes estante estanteria grada escalera gradas escaleras peldaño peldaños escalon escalones cuatro 4 grilla cuadricula rejilla modulos modulo modular
Exhibidor Escalera Quad,14000,"Exhibidor mostrador. Ideal para feriantes y comercios.<br>Diseñado para ser liviano y portatil.<br>Realizado en MDF de 3 mm de espesor.",exhibidores,exhibidor exhibidores exibidor exibidores mostrador mostradores madera mdf fibrofacil estantes estante estanteria grada escalera gradas escaleras peldaño peldaños escalon escalones cuatro 4
Exhibidor Escalera Quad Reforzado,21500,"Exhibidor mostrador. Ideal para feriantes y comercios.<br>Diseñado para ser liviano y portatil.<br>Realizado en MDF de 5,5 mm de espesor.",exhibidores,exhibidor exhibidores exibidor exibidores mostrador mostradores madera mdf fibrofacil estantes estante estanteria grada escalera gradas escaleras peldaño peldaños escalon escalones cuatro 4 reforzado reforzados reforzada reforzadas
Exhibidor Ventana Tri,9000,"Exhibidor mostrador. Ideal para feriantes y comercios.<br>Totalmente encastrable sin uso de pegamentos.<br>Diseñado para ser liviano y portatil.<br>Realizado en MDF de 3 mm de espesor.",exhibidores,exhibidor exhibidores exibidor exibidores mostrador mostradores madera mdf fibrofacil estantes estante estanteria ventana ventanas abierto abiertos abertura aberturas visible tres 3
Exhibidor Ventana Tri Large,16000,"Exhibidor mostrador. Ideal para feriantes y comercios.<br>Totalmente encastrable sin uso de pegamentos.<br>Diseñado para ser liviano y portatil.<br>Realizado en MDF de 3 mm de espesor.",exhibidores,exhibidor exhibidores exibidor exibidores mostrador mostradores madera mdf fibrofacil estantes estante estanteria ventana ventanas abierto abiertos abertura aberturas visible tres 3 large
Exhibidor Ventana Tri Large Reforzado,27000,"Exhibidor mostrador. Ideal para feriantes y comercios.<br>Totalmente encastrable sin uso de pegamentos.<br>Diseñado para ser liviano y portatil.<br>Realizado en MDF de 5,5 mm de espesor.",exhibidores,exhibidor exhibidores exibidor exibidores mostrador mostradores madera mdf fibrofacil estantes estante estanteria ventana ventanas abierto abiertos abertura aberturas visible tres 3 large reforzado 5
Exhibidor Mano,1600,"Cantidad mínima de venta: 3 unidades.<br>Exhibidor para anillos. Ideal para feriantes y comercios.<br>Totalmente encastrable sin uso de pegamentos.<br>Diseñado para ser liviano y portatil.<br>Realizado en MDF de 3 mm de espesor.",exhibidores,exhibidor exhibidores exibidor exibidores mostrador mostradores madera mdf fibrofacil mano manos anillo anillos dedo dedos bijouteri 
Exhibidor Caracol Tri,8500,"Exhibidor mostrador. Ideal para feriantes y comercios.<br>Totalmente encastrable sin uso de pegamentos.<br>Diseñado para ser liviano y portatil.<br>Realizado en MDF de 3 mm de espesor.",exhibidores,exhibidor exhibidores exibidor exibidores mostrador mostradores madera mdf fibrofacil estantes estante estanteria estanterias tres 3 caracol espiral berenjena espirales caracoles espiralado
Exhibidor Cuadernos,7000,"Exhibidor mostrador para cuadernos, libros, libretas, tarjetas, agendas o similares. Ideal para feriantes y comercios.<br>Totalmente encastrable sin uso de pegamentos.<br>Diseñado para ser liviano y portatil.<br>Realizado en MDF de 3 mm de espesor.",exhibidores,exhibidor exhibidores exibidor exibidores mostrador mostradores madera mdf fibrofacil estantes estante estanteria estanterias cuatro 4 cuaderno cuadernos libreta libretas tarjeta tarjetas agenda agendas libro libros
Exhibidor Cupcakes,3000,"",exhibidores,exhibidor exhibidores exibidor exibidores mostrador mostradores madera mdf fibrofacil estantes estante estanteria candy bar candybar cupcakes muffin muffins cupcake cup cake cakes macarrones dulces golosinas dulce
Exhibidor Cupcakes Nube,6000,"",exhibidores,exhibidor exhibidores exibidor exibidores mostrador mostradores madera mdf fibrofacil estantes estante estanteria candy bar candybar cupcakes muffin muffins cupcake cup cake cakes macarrones dulces golosinas dulce nube
Exhibidor Bandeja,7000,"Exhibidor mostrador. Ideal para feriantes y comercios.<br>Totalmente encastrable sin uso de pegamentos.<br>Diseñado para ser liviano y portatil.<br>Realizado en MDF de 3 mm de espesor.",exhibidores,exhibidor exhibidores exibidor exibidores mostrador mostradores madera mdf fibrofacil estantes estante estanteria bandeja bandejas 1 uno
Exhibidor Bandeja Du,7000,"Exhibidor mostrador. Ideal para feriantes y comercios.<br>Totalmente encastrable sin uso de pegamentos.<br>Diseñado para ser liviano y portatil.<br>Realizado en MDF de 3 mm de espesor.",exhibidores,exhibidor exhibidores exibidor exibidores mostrador mostradores madera mdf fibrofacil estantes estante estanteria bandeja bandejas escalera grada gradas escaleras peldaño peldaños escalon escalones dos 2
Exhibidor Rampa Tri,9500,"Exhibidor mostrador. Ideal para feriantes y comercios.<br>Totalmente encastrable sin uso de pegamentos.<br>Diseñado para ser liviano y portatil.<br>Realizado en MDF de 3 mm de espesor.",exhibidores,exhibidor exhibidores exibidor exibidores mostrador mostradores madera mdf fibrofacil estantes estante estanteria bandeja bandejas escalera grada gradas escaleras peldaño peldaños escalon escalones rampa rampas 3 tres
Caja Alhajas,2000,"Cajas armables de fibrofacil de 3 mm de espesor El precio corresponde al producto desarmado, es fácil de armar gracias a su sistema de encastres, usando un producto adhesivo.<br>Consulte por el precio del producto armado.",contenedores,madera mdf fibrofacil caja cajas contenedor contenedores cajita cajitas estuche estuches tapa tapas souvenir souvenirs suvenir suvenirs bisagra alhaja alaja billouteri alhajas alajas
Caja Bisagra,1200,"Cajas armables de fibrofacil de 3 mm de espesor El precio corresponde al producto desarmado, es fácil de armar gracias a su sistema de encastres, usando un producto adhesivo.<br>Consulte por el precio del producto armado.",contenedores,madera mdf fibrofacil caja cajas contenedor contenedores cajita cajitas estuche estuches tapa tapas souvenir souvenirs suvenir suvenirs bisagra alhaja alaja billouteri alhajas alajas
Caja Corrediza,1500,"Cajas armables de fibrofacil de 3 mm de espesor El precio corresponde al producto desarmado, es fácil de armar gracias a su sistema de encastres, usando un producto adhesivo.<br>Consulte por el precio del producto armado.",contenedores,madera mdf fibrofacil caja cajas contenedor contenedores cajita cajitas estuche estuches tapa tapas souvenir souvenirs suvenir suvenirs corrediza desliza alhaja alaja billouteri alhajas alajas
Estuche,1200,"Cajas armables de fibrofacil de 3 mm de espesor El precio corresponde al producto desarmado, es fácil de armar gracias a su sistema de encastres, usando un producto adhesivo.<br>Consulte por el precio del producto armado.",contenedores,madera mdf fibrofacil caja cajas contenedor contenedores cajita cajitas estuche estuches tapa tapas souvenir souvenirs suvenir suvenirs bisagra alhaja alaja billouteri
Estuche Pendrive,1750,"",contenedores,madera mdf fibrofacil caja cajas contenedor contenedores cajita cajitas estuche estuches tapa tapas souvenir souvenirs suvenir suvenirs bisagra pen drive pendrive usb
Rompecabeza Gatitos,1900,"",juguetes,madera mdf fibrofacil juegos juguetes juego juguete rompecabeza rompe cabeza rompecabezas cabezas puzle puzzle gato gatos gatito gatitos animales
3D Puzzle Catapulta,3500,"",juguetes,madera mdf fibrofacil juegos juguetes juego juguete rompecabeza rompe cabeza rompecabezas cabezas puzle puzzle 3d gato gatos gatito gatitos animales animal
Escudos de Fútbol,5500,"",decoracion,madera mdf fibrofacil decoracion deco cuadros cuadro decoraciones escudo escudos futbol football boca river independiente racing velez equipo
